"subject","related_queries","value","geo","keyword","category"
"100","top","how to dye hair","US","hair dye",0
"71","top","hair color","US","hair dye",0
"71","top","color hair dye","US","hair dye",0
"44","top","brown hair dye","US","hair dye",0
"41","top","black hair dye","US","hair dye",0
"39","top","best hair dye","US","hair dye",0
"39","top","blonde hair","US","hair dye",0
"39","top","blonde hair dye","US","hair dye",0
"35","top","red hair dye","US","hair dye",0
"35","top","red hair","US","hair dye",0
"28","top","permanent hair dye","US","hair dye",0
"28","top","blue hair dye","US","hair dye",0
"26","top","how to dye your hair","US","hair dye",0
"23","top","purple hair dye","US","hair dye",0
"20","top","bleach hair dye","US","hair dye",0
"19","top","pink hair dye","US","hair dye",0
"18","top","hair colors","US","hair dye",0
"18","top","fox hair dye","US","hair dye",0
"18","top","hair dye colors","US","hair dye",0
"17","top","remove hair dye","US","hair dye",0
"17","top","box hair dye","US","hair dye",0
"16","top","hair to dye for","US","hair dye",0
"16","top","arctic fox","US","hair dye",0
"15","top","arctic fox hair dye","US","hair dye",0
"14","top","splat hair dye","US","hair dye",0
"+950%","rising","hair dye and breast cancer risk","US","hair dye",0
"+900%","rising","hair dye and breast cancer","US","hair dye",0
"+550%","rising","overtone","US","hair dye",0
"+500%","rising","overtone hair dye","US","hair dye",0
"+400%","rising","mofajang hair dye wax","US","hair dye",0
"+300%","rising","split dye hair","US","hair dye",0
"+130%","rising","adore hair dye near me","US","hair dye",0
"+120%","rising","how to get semi permanent hair dye out","US","hair dye",0
"+120%","rising","arctic fox hair dye colors","US","hair dye",0
"+110%","rising","hair dye cancer","US","hair dye",0
"+110%","rising","hair wax dye","US","hair dye",0
"+110%","rising","hot pink hair dye","US","hair dye",0
"+100%","rising","got2b hair dye","US","hair dye",0
"+100%","rising","artic fox","US","hair dye",0
"+100%","rising","neon green hair dye","US","hair dye",0
"+100%","rising","artic fox hair dye","US","hair dye",0
"+100%","rising","metallic hair dye","US","hair dye",0
"+90%","rising","lunar tides hair dye","US","hair dye",0
"+80%","rising","arctic fox","US","hair dye",0
"+80%","rising","temporary purple hair dye","US","hair dye",0
"+80%","rising","arctic fox hair dye","US","hair dye",0
"+70%","rising","fox hair dye","US","hair dye",0
"+60%","rising","temporary pink hair dye","US","hair dye",0
"+60%","rising","should i wash my hair before i dye it","US","hair dye",0
"+60%","rising","punky hair dye","US","hair dye",0
