"subject","related_topics","value","geo","keyword","category"
100,"top","Dye","US","hair dye",0
72,"top","Hair coloring","US","hair dye",0
17,"top","Color","US","hair dye",0
8,"top","Blond","US","hair dye",0
7,"top","Brown","US","hair dye",0
7,"top","Human hair color","US","hair dye",0
6,"top","Brown hair","US","hair dye",0
5,"top","Black hair","US","hair dye",0
5,"top","Perm","US","hair dye",0
5,"top","Blue","US","hair dye",0
5,"top","Bleach","US","hair dye",0
4,"top","Purple","US","hair dye",0
4,"top","Skin","US","hair dye",0
4,"top","Grey","US","hair dye",0
3,"top","Red","US","hair dye",0
3,"top","Pink","US","hair dye",0
3,"top","Sally Beauty Supply LLC","US","hair dye",0
3,"top","Black","US","hair dye",0
2,"top","Red hair","US","hair dye",0
2,"top","Hairstyle","US","hair dye",0
2,"top","Sally Beauty Holdings","US","hair dye",0
2,"top","L'Oréal","US","hair dye",0
2,"top","Shampoo","US","hair dye",0
2,"rising","Green","US","hair dye",0
2,"rising","Henna","US","hair dye",0
2,"rising","Shampoo","US","hair dye",0
2,"rising","L'Oréal","US","hair dye",0
2,"rising","Sally Beauty Holdings","US","hair dye",0
2,"rising","Hairstyle","US","hair dye",0
2,"rising","Red hair","US","hair dye",0
3,"rising","Black","US","hair dye",0
3,"rising","Sally Beauty Supply LLC","US","hair dye",0
3,"rising","Pink","US","hair dye",0
3,"rising","Red","US","hair dye",0
4,"rising","Grey","US","hair dye",0
4,"rising","Skin","US","hair dye",0
4,"rising","Purple","US","hair dye",0
5,"rising","Bleach","US","hair dye",0
5,"rising","Blue","US","hair dye",0
5,"rising","Perm","US","hair dye",0
5,"rising","Black hair","US","hair dye",0
6,"rising","Brown hair","US","hair dye",0
7,"rising","Human hair color","US","hair dye",0
7,"rising","Brown","US","hair dye",0
8,"rising","Blond","US","hair dye",0
17,"rising","Color","US","hair dye",0
